{"cameraMode":{"drawMode":0,"name":"Shaded","section":"Shading Mode"},"sceneLighting":true,"audioPlay":false,"sceneViewState":{"showFog":true,"showMaterialUpdate":true,"showSkybox":true,"showFlares":true,"showImageEffects":true,"showParticleSystems":true},"in2DMode":false,"pivot":{"x":284.4332275390625,"y":154.10662841796876,"z":-0.87469482421875},"rotation":{"x":-0.03180348873138428,"y":-0.0068992436863482,"z":0.00021952953829895705,"w":-0.9994705319404602},"size":360.4100646972656,"orthographic":false}