{"cameraMode":{"drawMode":0,"name":"Shaded","section":"Shading Mode"},"sceneLighting":true,"audioPlay":false,"sceneViewState":{"showFog":true,"showMaterialUpdate":true,"showSkybox":true,"showFlares":true,"showImageEffects":true,"showParticleSystems":true},"in2DMode":false,"pivot":{"x":110.55299377441406,"y":44.41496276855469,"z":27.258697509765626},"rotation":{"x":-0.26466765999794009,"y":0.08002083003520966,"z":-0.022043919190764428,"w":-0.9607612490653992},"size":383.15057373046877,"orthographic":false}