{"cameraMode":{"drawMode":0,"name":"Shaded","section":"Shading Mode"},"sceneLighting":true,"audioPlay":false,"sceneViewState":{"showFog":true,"showMaterialUpdate":true,"showSkybox":true,"showFlares":true,"showImageEffects":true,"showParticleSystems":true},"in2DMode":false,"pivot":{"x":197.52699279785157,"y":154.6908721923828,"z":0.360198974609375},"rotation":{"x":-0.03180348873138428,"y":-0.0068992436863482,"z":0.00021952953829895705,"w":-0.9994705319404602},"size":179.2581329345703,"orthographic":false}