{"cameraMode":{"drawMode":0,"name":"Shaded","section":"Shading Mode"},"sceneLighting":false,"audioPlay":false,"sceneViewState":{"showFog":true,"showMaterialUpdate":false,"showSkybox":false,"showFlares":true,"showImageEffects":true,"showParticleSystems":true},"in2DMode":false,"pivot":{"x":-0.4159555435180664,"y":-0.2958477735519409,"z":-0.25590038299560549},"rotation":{"x":0.0798611119389534,"y":0.041727568954229358,"z":-0.003045501420274377,"w":0.9959333539009094},"size":11.431534767150879,"orthographic":false}