{"cameraMode":{"drawMode":0,"name":"Shaded","section":"Shading Mode"},"sceneLighting":true,"audioPlay":false,"sceneViewState":{"showFog":true,"showMaterialUpdate":true,"showSkybox":true,"showFlares":true,"showImageEffects":true,"showParticleSystems":true},"in2DMode":false,"pivot":{"x":148.14410400390626,"y":65.95022583007813,"z":-1.2556533813476563},"rotation":{"x":-0.03180348873138428,"y":-0.0068992436863482,"z":0.00021952953829895705,"w":-0.9994705319404602},"size":114.32269287109375,"orthographic":false}