{"cameraMode":{"drawMode":0,"name":"Shaded","section":"Shading Mode"},"sceneLighting":true,"audioPlay":false,"sceneViewState":{"showFog":true,"showMaterialUpdate":true,"showSkybox":true,"showFlares":true,"showImageEffects":true,"showParticleSystems":true},"in2DMode":false,"pivot":{"x":5.712867736816406,"y":42.6655387878418,"z":-23.729827880859376},"rotation":{"x":0.11570575833320618,"y":-0.023944903165102006,"z":0.003135737730190158,"w":0.9930281043052673},"size":228.8433380126953,"orthographic":false}