{"cameraMode":{"drawMode":0,"name":"Shaded","section":"Shading Mode"},"sceneLighting":true,"audioPlay":false,"sceneViewState":{"showFog":true,"showMaterialUpdate":true,"showSkybox":true,"showFlares":true,"showImageEffects":true,"showParticleSystems":true},"in2DMode":false,"pivot":{"x":22.213104248046876,"y":11.390934944152832,"z":-4.889801025390625},"rotation":{"x":-0.03180348873138428,"y":-0.0068992436863482,"z":0.00021952953829895705,"w":-0.9994705319404602},"size":122.64836883544922,"orthographic":false}