{"cameraMode":{"drawMode":0,"name":"Shaded","section":"Shading Mode"},"sceneLighting":true,"audioPlay":false,"sceneViewState":{"showFog":true,"showMaterialUpdate":true,"showSkybox":true,"showFlares":true,"showImageEffects":true,"showParticleSystems":true},"in2DMode":false,"pivot":{"x":42.261775970458987,"y":12.311939239501954,"z":24.617509841918947},"rotation":{"x":-0.1511317789554596,"y":0.3260173499584198,"z":-0.05288882926106453,"w":-0.9317150115966797},"size":22.391233444213868,"orthographic":false}