{"cameraMode":{"drawMode":0,"name":"Shaded","section":"Shading Mode"},"sceneLighting":false,"audioPlay":false,"sceneViewState":{"showFog":true,"showMaterialUpdate":true,"showSkybox":false,"showFlares":true,"showImageEffects":true,"showParticleSystems":true},"in2DMode":false,"pivot":{"x":-2.0696969032287599,"y":0.6126012802124023,"z":0.7231101989746094},"rotation":{"x":0.08815783262252808,"y":-0.1238088309764862,"z":0.011377252638339997,"w":0.9883463382720947},"size":21.140947341918947,"orthographic":false}