{"cameraMode":{"drawMode":0,"name":"Shaded","section":"Shading Mode"},"sceneLighting":false,"audioPlay":false,"sceneViewState":{"showFog":true,"showMaterialUpdate":true,"showSkybox":false,"showFlares":true,"showImageEffects":true,"showParticleSystems":true},"in2DMode":false,"pivot":{"x":1.4901161193847657e-8,"y":0.22500000894069673,"z":0.12000001966953278},"rotation":{"x":-0.3070147633552551,"y":0.09883445501327515,"z":-0.03207695856690407,"w":-0.9460210204124451},"size":1.9775925874710084,"orthographic":false}