{"cameraMode":{"drawMode":0,"name":"Shaded","section":"Shading Mode"},"sceneLighting":true,"audioPlay":false,"sceneViewState":{"showFog":true,"showMaterialUpdate":true,"showSkybox":true,"showFlares":true,"showImageEffects":true,"showParticleSystems":true},"in2DMode":false,"pivot":{"x":428.94464111328127,"y":189.57437133789063,"z":24.804718017578126},"rotation":{"x":0.2812879979610443,"y":-0.04752412438392639,"z":0.014307285659015179,"w":0.9583796858787537},"size":330.2292785644531,"orthographic":false}