{"cameraMode":{"drawMode":0,"name":"Shaded","section":"Shading Mode"},"sceneLighting":true,"audioPlay":false,"sceneViewState":{"showFog":true,"showMaterialUpdate":true,"showSkybox":true,"showFlares":true,"showImageEffects":true,"showParticleSystems":true},"in2DMode":false,"pivot":{"x":220.16802978515626,"y":186.45289611816407,"z":7.744049072265625},"rotation":{"x":-0.12595945596694947,"y":0.015472359023988247,"z":-0.0019619499798864128,"w":-0.991917073726654},"size":350.30535888671877,"orthographic":false}