{"cameraMode":{"drawMode":0,"name":"Shaded","section":"Shading Mode"},"sceneLighting":true,"audioPlay":false,"sceneViewState":{"showFog":true,"showMaterialUpdate":true,"showSkybox":true,"showFlares":true,"showImageEffects":true,"showParticleSystems":true},"in2DMode":false,"pivot":{"x":320.62005615234377,"y":178.5832977294922,"z":44.789398193359378},"rotation":{"x":-0.0024972630199044945,"y":-0.0016492583090439439,"z":0.0003392405924387276,"w":1.0000345706939698},"size":468.4740905761719,"orthographic":false}