{"cameraMode":{"drawMode":0,"name":"Shaded","section":"Shading Mode"},"sceneLighting":false,"audioPlay":false,"sceneViewState":{"showFog":true,"showMaterialUpdate":false,"showSkybox":false,"showFlares":true,"showImageEffects":true,"showParticleSystems":true},"in2DMode":false,"pivot":{"x":2.757730007171631,"y":-2.215116262435913,"z":-0.6853194236755371},"rotation":{"x":-0.21198736131191255,"y":-0.7098263502120972,"z":0.2398202121257782,"w":-0.6274744272232056},"size":7.53559684753418,"orthographic":false}