{"cameraMode":{"drawMode":0,"name":"Shaded","section":"Shading Mode"},"sceneLighting":true,"audioPlay":false,"sceneViewState":{"showFog":true,"showMaterialUpdate":true,"showSkybox":true,"showFlares":true,"showImageEffects":true,"showParticleSystems":true},"in2DMode":false,"pivot":{"x":-48.68800735473633,"y":14.822490692138672,"z":-75.6037826538086},"rotation":{"x":0.0779285877943039,"y":-0.21041817963123322,"z":0.016829119995236398,"w":0.9743567705154419},"size":35.98999786376953,"orthographic":false}