{"cameraMode":{"drawMode":0,"name":"Shaded","section":"Shading Mode"},"sceneLighting":true,"audioPlay":false,"sceneViewState":{"showFog":true,"showMaterialUpdate":true,"showSkybox":true,"showFlares":true,"showImageEffects":true,"showParticleSystems":true},"in2DMode":false,"pivot":{"x":407.72320556640627,"y":200.874267578125,"z":-15.999725341796875},"rotation":{"x":0.01400336530059576,"y":-0.00014352200378198177,"z":0.0003454240213613957,"w":0.9999403357505798},"size":155.38787841796876,"orthographic":false}